-- phpMyAdmin SQL Dump
-- version 3.4.10.1
-- http://www.phpmyadmin.net
--
-- 主机: localhost
-- 生成日期: 2016 年 12 月 03 日 03:45
-- 服务器版本: 5.5.20
-- PHP 版本: 5.3.10

SET SQL_MODE="NO_AUTO_VALUE_ON_ZERO";
SET time_zone = "+00:00";


/*!40101 SET @OLD_CHARACTER_SET_CLIENT=@@CHARACTER_SET_CLIENT */;
/*!40101 SET @OLD_CHARACTER_SET_RESULTS=@@CHARACTER_SET_RESULTS */;
/*!40101 SET @OLD_COLLATION_CONNECTION=@@COLLATION_CONNECTION */;
/*!40101 SET NAMES utf8 */;

--
-- 数据库: `sztz`
--

-- --------------------------------------------------------

--
-- 表的结构 `t_administrator`
--

CREATE TABLE IF NOT EXISTS `t_administrator` (
  `id` int(11) NOT NULL AUTO_INCREMENT COMMENT '标识符',
  `user_id` int(11) NOT NULL COMMENT '工号',
  `name` varchar(32) NOT NULL COMMENT '名称',
  `feedback_count` tinyint(4) NOT NULL DEFAULT '0' COMMENT '反馈数',
  `created_by` varchar(32) NOT NULL COMMENT '创建人',
  `created_at` datetime NOT NULL COMMENT '创建时间',
  PRIMARY KEY (`id`)
) ENGINE=InnoDB  DEFAULT CHARSET=utf8 COMMENT='管理员表' AUTO_INCREMENT=4 ;

--
-- 转存表中的数据 `t_administrator`
--

INSERT INTO `t_administrator` (`id`, `user_id`, `name`, `feedback_count`, `created_by`, `created_at`) VALUES
(1, 100, '学院教指委', 0, 'H', '0000-00-00 00:00:00'),
(2, 1000, '学生工作处', 0, 'H', '0000-00-00 00:00:00'),
(3, 1, '学院教指委', 0, 'H', '0000-00-00 00:00:00');

-- --------------------------------------------------------

--
-- 表的结构 `t_class`
--

CREATE TABLE IF NOT EXISTS `t_class` (
  `id` int(11) NOT NULL AUTO_INCREMENT COMMENT '标识符',
  `profession_id` int(11) NOT NULL COMMENT '专业ID',
  `grade_id` int(11) NOT NULL COMMENT '年级ID',
  `name` varchar(32) NOT NULL COMMENT '名称',
  PRIMARY KEY (`id`)
) ENGINE=InnoDB  DEFAULT CHARSET=utf8 COMMENT='班别表' AUTO_INCREMENT=4 ;

--
-- 转存表中的数据 `t_class`
--

INSERT INTO `t_class` (`id`, `profession_id`, `grade_id`, `name`) VALUES
(1, 1, 1, '1'),
(2, 1, 1, '2'),
(3, 1, 1, '3');

-- --------------------------------------------------------

--
-- 表的结构 `t_grade`
--

CREATE TABLE IF NOT EXISTS `t_grade` (
  `id` int(11) NOT NULL AUTO_INCREMENT COMMENT '标识符',
  `name` varchar(16) NOT NULL COMMENT '名称',
  PRIMARY KEY (`id`)
) ENGINE=InnoDB  DEFAULT CHARSET=utf8 COMMENT='年级表' AUTO_INCREMENT=5 ;

--
-- 转存表中的数据 `t_grade`
--

INSERT INTO `t_grade` (`id`, `name`) VALUES
(1, '2012'),
(2, '2013'),
(3, '2014'),
(4, '2015');

-- --------------------------------------------------------

--
-- 表的结构 `t_notice`
--

CREATE TABLE IF NOT EXISTS `t_notice` (
  `id` int(11) NOT NULL AUTO_INCREMENT COMMENT '标识符',
  `content` text NOT NULL COMMENT '公告内容',
  `created_by` varchar(32) NOT NULL COMMENT '创建人',
  `created_at` datetime NOT NULL COMMENT '创建时间',
  `updated_by` varchar(32) NOT NULL COMMENT '更新人',
  `updated_at` datetime NOT NULL COMMENT '更新时间',
  PRIMARY KEY (`id`)
) ENGINE=InnoDB  DEFAULT CHARSET=utf8 COMMENT='公告表' AUTO_INCREMENT=2 ;

--
-- 转存表中的数据 `t_notice`
--

INSERT INTO `t_notice` (`id`, `content`, `created_by`, `created_at`, `updated_by`, `updated_at`) VALUES
(1, '　　(newss)2001年11月22日上午，共青团中央、教育部、文化部、国务院新闻办公室、全国青联、全国学联、全国少工委、中国青少年网络协会在人民大学联合召开网上发布大会，向社会正式发布《全国青少年网络文明公约》。10时整，全国人大常委会副委员长许嘉璐郑重按动键盘，正式揭开了中国青少年计算机信息服务网上的《全国青少年网络文明公约》主页面，宣告《全国青少年网络文明公约》正式发布。这标志着我国青少年有了较为完备的网络行为道德规范。这是我国青少年网络生活中具有里程碑意义的一件大事，必将在今后的网络使用中产生深远的影响。<br/>\r\n　　据悉，发布《全国青少年网络文明公约》，是团中央贯彻江泽民总书记“三个代表”重要思想，落实《公民道德建设实施纲要》的重要举措，旨在推动网络道德建设，进一步提高青少年道德水平。截止2001年末，上网人数已达2650万，并且还在以每年翻一番的速度增长，其中青少年占80%以上。团中央等部门在调查中发现，网络已成为青少年学习知识、交流思想、休闲娱乐的重要平台，增强了青少年与外界的沟通和交流，有利于创造出全新的生活方式和社会互动关系，有利于青少年的发展。同时，青少年也最容易受到网络不健康现象的侵害。例如，有的青少年在网上浏览不良信息，有的超时无节制上网，有的因缺乏自护意识而上当受骗等等。2001年10月，上海两名女中学生因约见网友离家30多天，身心受到严重伤害。在武汉、广州、天津、重庆等城市，中小学生因上网而夜不归宿已经成为一个严重的社会问题。据调查，青少年性犯罪与网络色情内容有着比较大的关系。所有这些现象说明，网络秩序亟待规范，网络道德亟待加强。为了增强青少年自律意识和自护能力，保障他们健康成长，经过认真研究，反复论证，多方征求意见，团中央等部门正式推出了《全国青少年网络文明公约》。<br/>　　日前，共青团中央等八单位已发出通知，将在全国范围内开展学习、宣传公约的系列活动，增强青少年网络安全防范意识和网络道德意识，倡导全社会关注青少年网络环境，荡涤网络不良现象。', 'H', '2015-12-26 18:28:20', 'H', '2015-12-31 18:28:20');

-- --------------------------------------------------------

--
-- 表的结构 `t_profession`
--

CREATE TABLE IF NOT EXISTS `t_profession` (
  `id` int(11) NOT NULL AUTO_INCREMENT COMMENT '标识符',
  `name` varchar(32) NOT NULL COMMENT '名称',
  PRIMARY KEY (`id`)
) ENGINE=InnoDB  DEFAULT CHARSET=utf8 COMMENT='专业表' AUTO_INCREMENT=8 ;

--
-- 转存表中的数据 `t_profession`
--

INSERT INTO `t_profession` (`id`, `name`) VALUES
(1, '信息管理与信息系统'),
(2, '市场营销'),
(3, '公共事业管理'),
(4, '工程管理'),
(5, '国际经济与贸易'),
(6, '国际商务'),
(7, '物流管理');

-- --------------------------------------------------------

--
-- 表的结构 `t_record`
--

CREATE TABLE IF NOT EXISTS `t_record` (
  `id` int(11) NOT NULL AUTO_INCREMENT COMMENT '标识符',
  `student_teacher_id` int(11) NOT NULL COMMENT '学生教师关系ID',
  `type_id` int(11) NOT NULL COMMENT '素质拓展类型',
  `title` varchar(64) NOT NULL COMMENT '标题',
  `url` varchar(512) NOT NULL COMMENT '附件路径',
  `remark` varchar(512) NOT NULL COMMENT '说明',
  `feedback` varchar(1024) NOT NULL COMMENT '反馈信息',
  `point` decimal(4,1) NOT NULL DEFAULT '0.0' COMMENT '得分',
  `status` varchar(32) NOT NULL DEFAULT '待审批' COMMENT '状态',
  `created_at` datetime NOT NULL COMMENT '创建时间',
  `updated_by` varchar(32) NOT NULL COMMENT '处理人',
  `updated_at` datetime NOT NULL COMMENT '处理时间',
  PRIMARY KEY (`id`)
) ENGINE=InnoDB  DEFAULT CHARSET=utf8 COMMENT='素质拓展记录表' AUTO_INCREMENT=141 ;

--
-- 转存表中的数据 `t_record`
--

INSERT INTO `t_record` (`id`, `student_teacher_id`, `type_id`, `title`, `url`, `remark`, `feedback`, `point`, `status`, `created_at`, `updated_by`, `updated_at`) VALUES
(68, 1, 1, '企业模拟大赛', '/2012/10000/20160415/1460705718177461871.pdf', '企业模拟大赛企业模拟大赛企业模拟大赛企业模拟大赛企业模拟大赛企业模拟大赛企业模拟大赛', '无', '0.0', '待商议', '2016-04-15 15:35:29', '李玉敏', '2016-04-21 15:23:42'),
(69, 1, 1, 'CIS比赛', '/2012/10000/20160415/14607057582097598779.pdf', 'CIS比赛CIS比赛CIS比赛CIS比赛CIS比赛CIS比赛CIS比赛', '评分超出上限', '3.0', '不通过', '2016-04-15 15:35:59', '学院教指委', '2016-04-15 16:42:51'),
(70, 1, 1, '知识风采比赛', '/2012/10000/20160415/14607058132116786113.pdf', '知识风采比赛知识风采比赛知识风采比赛', '无', '2.0', '已通过', '2016-04-15 15:36:55', '学院教指委', '2016-04-15 16:40:18'),
(71, 1, 2, '唐家湾文化调研', '/2012/10000/20160415/14607058341965544166.pdf', '唐家湾文化调研唐家湾文化调研唐家湾文化调研', '什么什么什么什么什么什么什么什么', '0.0', '不通过', '2016-04-15 15:37:15', '李玉敏', '2016-04-15 15:48:31'),
(72, 1, 2, '外星人与地球人', '/2012/10000/20160415/14607058611604999741.pdf', '外星人与地球人外星人与地球人外星人与地球人外星人与地球人', '什么什么什么什么什么什么什么什么什么什么', '0.0', '不通过', '2016-04-15 15:37:47', '李玉敏', '2016-04-15 15:48:26'),
(73, 1, 2, '冬日环保冬日环保冬日环保冬日环保', '/2012/10000/20160415/1460705890200015881.pdf', '冬日环保冬日环保冬日环保冬日环保冬日环保', '纯纯粹粹', '0.0', '不通过', '2016-04-15 15:38:14', '学院教指委', '2016-04-15 17:16:22'),
(74, 1, 3, '英语四级', '/2012/10000/20160415/14607059031516530549.pdf', '英语四级英语四级英语四级英语四级', '无', '1.0', '已通过', '2016-04-15 15:38:26', '学院教指委', '2016-04-15 17:16:05'),
(75, 1, 3, '英语六级', '/2012/10000/20160415/14607059161961136748.pdf', '英语四级英语四级英语四级', '无', '1.0', '已通过', '2016-04-15 15:38:38', '学院教指委', '2016-04-15 16:42:56'),
(76, 1, 3, '普通话甲上', '/2012/10000/20160415/1460705946417028734.pdf', '普通话甲上普通话甲上普通话甲上', '无', '1.0', '待学院审批', '2016-04-15 15:39:07', '李玉敏', '2016-04-15 15:41:37'),
(79, 2, 6, '基于JSP的网络家教系统的设计与实现', '/test/none.pdf', '兰淑娟', '无', '0.0', '已通过', '2016-04-15 16:07:36', '学生工作处', '2016-04-15 16:07:36'),
(80, 4, 6, '基于办公设备管理系统的设计与实现', '/test/none.pdf', '兰淑娟', '无', '0.0', '已通过', '2016-04-15 16:07:36', '学生工作处', '2016-04-15 16:07:36'),
(82, 2, 6, '飞翔外贸公司业务信息管理系统的分析与设计', '/test/none.pdf', '王淞春', '无', '0.0', '已通过', '2016-04-15 16:07:37', '学生工作处', '2016-04-15 16:07:37'),
(116, 1, 6, '基于Android前台点餐系统的设计与实现', '/test/none.pdf', '兰淑娟', '无', '0.1', '已通过', '2016-04-15 20:53:46', '学生工作处', '2016-04-15 20:53:46'),
(117, 2, 6, '基于JSP的网络家教系统的设计与实现', '/test/none.pdf', '兰淑娟', '无', '0.1', '已通过', '2016-04-15 20:53:46', '学生工作处', '2016-04-15 20:53:46'),
(118, 4, 6, '基于办公设备管理系统的设计与实现', '/test/none.pdf', '兰淑娟', '无', '0.1', '已通过', '2016-04-15 20:53:47', '学生工作处', '2016-04-15 20:53:47'),
(119, 1, 6, '燕塘牛奶公司配送信息系统分析与设计', '/test/none.pdf', '修桂华', '无', '0.1', '已通过', '2016-04-15 20:53:47', '学生工作处', '2016-04-15 20:53:47'),
(120, 2, 6, '飞翔外贸公司业务信息管理系统的分析与设计', '/test/none.pdf', '王淞春', '无', '0.1', '已通过', '2016-04-15 20:53:47', '学生工作处', '2016-04-15 20:53:47'),
(121, 4, 6, ' 留学信息查询平台设计与实施', '/test/none.pdf', '田艳', '无', '0.1', '已通过', '2016-04-15 20:53:47', '学生工作处', '2016-04-15 20:53:47'),
(122, 1, 6, '基于Android前台点餐系统的设计与实现', '/test/none.pdf', '兰淑娟', '无', '0.1', '已通过', '2016-04-15 20:55:46', '学生工作处', '2016-04-15 20:55:46'),
(123, 2, 6, '基于JSP的网络家教系统的设计与实现', '/test/none.pdf', '兰淑娟', '无', '0.1', '已通过', '2016-04-15 20:55:46', '学生工作处', '2016-04-15 20:55:46'),
(124, 4, 6, '基于办公设备管理系统的设计与实现', '/test/none.pdf', '兰淑娟', '无', '0.1', '已通过', '2016-04-15 20:55:46', '学生工作处', '2016-04-15 20:55:46'),
(125, 1, 6, '燕塘牛奶公司配送信息系统分析与设计', '/test/none.pdf', '修桂华', '无', '0.1', '已通过', '2016-04-15 20:55:47', '学生工作处', '2016-04-15 20:55:47'),
(126, 2, 6, '飞翔外贸公司业务信息管理系统的分析与设计', '/test/none.pdf', '王淞春', '无', '0.1', '已通过', '2016-04-15 20:55:47', '学生工作处', '2016-04-15 20:55:47'),
(127, 4, 6, ' 留学信息查询平台设计与实施', '/test/none.pdf', '田艳', '无', '0.1', '已通过', '2016-04-15 20:55:47', '学生工作处', '2016-04-15 20:55:47'),
(128, 1, 4, '素质拓展', '/2012/10000/20160421/14612219341037343145.pdf', '素质拓展素质拓展素质拓展素质拓展素质拓展素质拓展素质拓展素质拓展', '', '0.0', '待导师审批', '2016-04-21 14:58:57', '', '0000-00-00 00:00:00'),
(129, 1, 6, '基于Android前台点餐系统的设计与实现', '/test/none.pdf', '兰淑娟', '无', '0.1', '已通过', '2016-04-21 15:30:20', '学生工作处', '2016-04-21 15:30:20'),
(130, 2, 6, '基于JSP的网络家教系统的设计与实现', '/test/none.pdf', '兰淑娟', '无', '0.1', '已通过', '2016-04-21 15:30:21', '学生工作处', '2016-04-21 15:30:21'),
(131, 4, 6, '基于办公设备管理系统的设计与实现', '/test/none.pdf', '兰淑娟', '无', '0.1', '已通过', '2016-04-21 15:30:21', '学生工作处', '2016-04-21 15:30:21'),
(132, 1, 6, '燕塘牛奶公司配送信息系统分析与设计', '/test/none.pdf', '修桂华', '无', '0.1', '已通过', '2016-04-21 15:30:21', '学生工作处', '2016-04-21 15:30:21'),
(133, 2, 6, '飞翔外贸公司业务信息管理系统的分析与设计', '/test/none.pdf', '王淞春', '无', '0.1', '已通过', '2016-04-21 15:30:21', '学生工作处', '2016-04-21 15:30:21'),
(134, 4, 6, ' 留学信息查询平台设计与实施', '/test/none.pdf', '田艳', '无', '0.1', '已通过', '2016-04-21 15:30:22', '学生工作处', '2016-04-21 15:30:22'),
(135, 1, 6, '基于Android前台点餐系统的设计与实现', '/test/none.pdf', '兰淑娟', '无', '0.1', '已通过', '2016-04-22 10:11:35', '学生工作处', '2016-04-22 10:11:35'),
(136, 2, 6, '基于JSP的网络家教系统的设计与实现', '/test/none.pdf', '兰淑娟', '无', '0.1', '已通过', '2016-04-22 10:11:35', '学生工作处', '2016-04-22 10:11:35'),
(137, 4, 6, '基于办公设备管理系统的设计与实现', '/test/none.pdf', '兰淑娟', '无', '0.1', '已通过', '2016-04-22 10:11:36', '学生工作处', '2016-04-22 10:11:36'),
(138, 1, 6, '燕塘牛奶公司配送信息系统分析与设计', '/test/none.pdf', '修桂华', '无', '0.1', '已通过', '2016-04-22 10:11:36', '学生工作处', '2016-04-22 10:11:36'),
(139, 2, 6, '飞翔外贸公司业务信息管理系统的分析与设计', '/test/none.pdf', '王淞春', '无', '0.1', '已通过', '2016-04-22 10:11:36', '学生工作处', '2016-04-22 10:11:36'),
(140, 4, 6, ' 留学信息查询平台设计与实施', '/test/none.pdf', '田艳', '无', '0.1', '已通过', '2016-04-22 10:11:36', '学生工作处', '2016-04-22 10:11:36');

-- --------------------------------------------------------

--
-- 表的结构 `t_student`
--

CREATE TABLE IF NOT EXISTS `t_student` (
  `id` int(11) NOT NULL AUTO_INCREMENT COMMENT '标识符',
  `user_id` int(11) NOT NULL COMMENT '学号',
  `name` varchar(32) NOT NULL COMMENT '名称',
  `clazz` varchar(8) NOT NULL COMMENT '班别',
  `grade` varchar(16) NOT NULL COMMENT '年级',
  `profession` varchar(32) NOT NULL COMMENT '专业',
  `mobile` varchar(16) NOT NULL COMMENT '联络方式',
  `required_point` decimal(4,1) NOT NULL DEFAULT '0.0' COMMENT '所需学分',
  `updated_count` tinyint(4) NOT NULL DEFAULT '0' COMMENT '更新数量',
  `feedback_count` tinyint(4) NOT NULL DEFAULT '0' COMMENT '反馈数量',
  `created_by` varchar(32) NOT NULL COMMENT '创建人',
  `created_at` datetime NOT NULL COMMENT '创建时间',
  PRIMARY KEY (`id`)
) ENGINE=InnoDB  DEFAULT CHARSET=utf8 COMMENT='学生表' AUTO_INCREMENT=18 ;

--
-- 转存表中的数据 `t_student`
--

INSERT INTO `t_student` (`id`, `user_id`, `name`, `clazz`, `grade`, `profession`, `mobile`, `required_point`, `updated_count`, `feedback_count`, `created_by`, `created_at`) VALUES
(1, 10000, '韩永豪', '1', '2012', '信息管理与信息系统', '13600000000', '8.0', 1, 0, 'H', '2015-12-01 13:30:17'),
(2, 1201, '学生A', '1', '2012', '信息管理与信息系统', '110', '8.0', 0, 10, 'H', '0000-00-00 00:00:00'),
(3, 1202, '学生B', '1', '2012', '国际经济与贸易', '110', '8.0', 0, 0, '', '0000-00-00 00:00:00'),
(4, 1203, '学生C', '2', '2012', '信息管理与信息系统', '110', '8.0', 0, 9, '', '0000-00-00 00:00:00'),
(5, 1204, '学生D', '2', '2012', '公共事业管理', '110', '8.0', 0, 0, '', '0000-00-00 00:00:00'),
(6, 1301, '学生E', '2', '2013', '信息管理与信息系统', '110', '9.0', 0, -1, '', '0000-00-00 00:00:00'),
(7, 1302, '学生F', '2', '2013', '工程管理', '110', '9.0', 0, 0, '', '0000-00-00 00:00:00'),
(8, 1401, '学生G', '3', '2014', '信息管理与信息系统', '110', '9.0', 0, 0, '', '0000-00-00 00:00:00'),
(9, 1402, '学生H', '3', '2014', '信息管理与信息系统', '110', '9.0', 0, 0, '', '0000-00-00 00:00:00'),
(10, 1403, '学生I', '3', '2014', '市场营销', '110', '9.0', 0, 0, '', '0000-00-00 00:00:00'),
(11, 1501, '学生J', '3', '2015', '市场营销', '110', '9.0', 0, 0, '', '0000-00-00 00:00:00'),
(12, 1502, '学生K', '3', '2015', '信息管理与信息系统', '110', '9.0', 0, 0, '', '0000-00-00 00:00:00'),
(13, 1205, 'AAA', '1', '2012', '信息管理与信息系统', '111', '8.0', 0, 0, '', '0000-00-00 00:00:00'),
(14, 1206, 'VVV', '1', '2012', '信息管理与信息系统', '11', '8.0', 0, 0, '', '0000-00-00 00:00:00'),
(15, 1207, 'CCC', '1', '2012', '信息管理与信息系统', '111', '8.0', 0, 0, '', '0000-00-00 00:00:00'),
(16, 1208, 'DDD', '1', '2012', '信息管理与信息系统', '121', '8.0', 0, 0, '', '0000-00-00 00:00:00'),
(17, 1211, 'FFF', '1', '2012', '信息管理与信息系统', '12', '8.0', 0, 0, '', '0000-00-00 00:00:00');

-- --------------------------------------------------------

--
-- 表的结构 `t_student_teacher`
--

CREATE TABLE IF NOT EXISTS `t_student_teacher` (
  `id` int(11) NOT NULL AUTO_INCREMENT COMMENT '标识符',
  `student_id` int(11) NOT NULL COMMENT '教师ID',
  `teacher_id` int(11) NOT NULL COMMENT '学生ID',
  PRIMARY KEY (`id`)
) ENGINE=InnoDB  DEFAULT CHARSET=utf8 COMMENT='学生老师关系表' AUTO_INCREMENT=13 ;

--
-- 转存表中的数据 `t_student_teacher`
--

INSERT INTO `t_student_teacher` (`id`, `student_id`, `teacher_id`) VALUES
(1, 10000, 10),
(2, 1201, 10),
(3, 1202, 10),
(4, 1203, 10),
(5, 1204, 10),
(6, 1301, 10),
(7, 1302, 10),
(8, 1401, 10),
(9, 1402, 10),
(10, 1403, 10),
(11, 1501, 10),
(12, 1502, 10);

-- --------------------------------------------------------

--
-- 表的结构 `t_teacher`
--

CREATE TABLE IF NOT EXISTS `t_teacher` (
  `id` int(11) NOT NULL AUTO_INCREMENT COMMENT '标识符',
  `user_id` int(11) NOT NULL COMMENT '工号',
  `name` varchar(32) NOT NULL COMMENT '名称',
  `mobile` varchar(16) NOT NULL COMMENT '联络方式',
  `feedback_count` tinyint(4) NOT NULL COMMENT '反馈数量（默认为0）',
  `created_by` varchar(32) NOT NULL COMMENT '创建人',
  `created_at` datetime NOT NULL COMMENT '创建时间',
  PRIMARY KEY (`id`)
) ENGINE=InnoDB  DEFAULT CHARSET=utf8 COMMENT='教师表' AUTO_INCREMENT=3 ;

--
-- 转存表中的数据 `t_teacher`
--

INSERT INTO `t_teacher` (`id`, `user_id`, `name`, `mobile`, `feedback_count`, `created_by`, `created_at`) VALUES
(1, 10, '李玉敏', '13600000000', 0, 'H', '2015-12-02 18:18:10'),
(2, 11, '韩娜', '13600000000', 0, 'H', '2015-12-09 00:00:00');

-- --------------------------------------------------------

--
-- 表的结构 `t_type`
--

CREATE TABLE IF NOT EXISTS `t_type` (
  `id` int(11) NOT NULL AUTO_INCREMENT COMMENT '标识符',
  `name` varchar(32) NOT NULL COMMENT '名称',
  PRIMARY KEY (`id`)
) ENGINE=InnoDB  DEFAULT CHARSET=utf8 COMMENT='素质拓展类型表' AUTO_INCREMENT=11 ;

--
-- 转存表中的数据 `t_type`
--

INSERT INTO `t_type` (`id`, `name`) VALUES
(1, '学科竞赛'),
(2, '科研活动'),
(3, '职业技能'),
(4, '境内外交流研习'),
(5, '社团文体竞赛'),
(6, '公益劳动'),
(7, '学术讲座'),
(8, '社会实践'),
(9, '发明创造'),
(10, '其他');

-- --------------------------------------------------------

--
-- 表的结构 `t_type_grade_profession`
--

CREATE TABLE IF NOT EXISTS `t_type_grade_profession` (
  `id` int(11) NOT NULL AUTO_INCREMENT COMMENT '标识符',
  `type_id` int(11) NOT NULL COMMENT '类型',
  `grade` varchar(16) NOT NULL COMMENT '年级',
  `profession` varchar(32) NOT NULL COMMENT '专业',
  `max_point` decimal(4,1) DEFAULT '0.0' COMMENT '最大分值',
  `min_point` decimal(4,1) NOT NULL DEFAULT '0.0' COMMENT '最小分值',
  `property` varchar(16) NOT NULL COMMENT '性质',
  PRIMARY KEY (`id`)
) ENGINE=InnoDB  DEFAULT CHARSET=utf8 COMMENT='拓展类型&专业&年级表' AUTO_INCREMENT=11 ;

--
-- 转存表中的数据 `t_type_grade_profession`
--

INSERT INTO `t_type_grade_profession` (`id`, `type_id`, `grade`, `profession`, `max_point`, `min_point`, `property`) VALUES
(1, 1, '2012', '信息管理与信息系统', '3.0', '0.0', '选修'),
(2, 2, '2012', '信息管理与信息系统', '3.0', '1.0', '必修'),
(3, 3, '2012', '信息管理与信息系统', '4.0', '0.0', '必修'),
(4, 4, '2012', '信息管理与信息系统', '1.0', '0.0', '选修'),
(5, 5, '2012', '信息管理与信息系统', '2.0', '0.0', '选修'),
(6, 6, '2012', '信息管理与信息系统', '2.0', '0.0', '选修'),
(7, 7, '2012', '信息管理与信息系统', '2.0', '0.0', '选修'),
(8, 8, '2012', '信息管理与信息系统', '2.0', '1.0', '必修'),
(9, 9, '2012', '信息管理与信息系统', '2.0', '0.0', '选修'),
(10, 10, '2012', '信息管理与信息系统', '1.0', '0.0', '选修');

-- --------------------------------------------------------

--
-- 表的结构 `t_user`
--

CREATE TABLE IF NOT EXISTS `t_user` (
  `id` int(11) NOT NULL AUTO_INCREMENT COMMENT '学号',
  `password` varchar(32) NOT NULL COMMENT '密码',
  `type` varchar(16) NOT NULL COMMENT '类型表名',
  PRIMARY KEY (`id`)
) ENGINE=InnoDB  DEFAULT CHARSET=utf8 COMMENT='用户表' AUTO_INCREMENT=10001 ;

--
-- 转存表中的数据 `t_user`
--

INSERT INTO `t_user` (`id`, `password`, `type`) VALUES
(1, '21232f297a57a5a743894a0e4a801fc3', 'administrator'),
(10, '21232f297a57a5a743894a0e4a801fc3', 'teacher'),
(100, '21232f297a57a5a743894a0e4a801fc3', 'administrator'),
(1000, '21232f297a57a5a743894a0e4a801fc3', 'administrator'),
(1201, 'admin', 'student'),
(1202, 'admin', 'student'),
(1203, 'admin', 'student'),
(1204, 'admin', 'student'),
(1301, 'admin', 'student'),
(1302, 'admin', 'student'),
(1401, 'admin', 'student'),
(1402, 'admin', 'student'),
(1403, 'admin', 'student'),
(1501, 'admin', 'student'),
(1502, 'admin', 'student'),
(10000, '21232f297a57a5a743894a0e4a801fc3', 'student');

-- --------------------------------------------------------

--
-- 表的结构 `t_user_control`
--

CREATE TABLE IF NOT EXISTS `t_user_control` (
  `id` int(11) NOT NULL AUTO_INCREMENT COMMENT '标识符',
  `user_id` int(11) NOT NULL COMMENT '用户ID',
  `name` varchar(32) NOT NULL COMMENT '操作名',
  `user_ip` varchar(32) NOT NULL COMMENT '客户端IP',
  `created_by` varchar(32) NOT NULL COMMENT '创建人',
  `created_at` datetime NOT NULL COMMENT '创建时间',
  PRIMARY KEY (`id`)
) ENGINE=InnoDB  DEFAULT CHARSET=utf8 COMMENT='用户操作记录表' AUTO_INCREMENT=149 ;

--
-- 转存表中的数据 `t_user_control`
--

INSERT INTO `t_user_control` (`id`, `user_id`, `name`, `user_ip`, `created_by`, `created_at`) VALUES
(1, 10, '登录系统', '127.0.0.1', '韩娜', '2015-12-12 23:34:13'),
(2, 1, '登录系统', '127.0.0.1', '超级管理员', '2015-12-12 23:35:46'),
(3, 1, '登录系统', '127.0.0.1', '超级管理员', '2015-12-12 23:46:41'),
(4, 1, '登录系统', '127.0.0.1', '超级管理员', '2015-12-13 00:26:31'),
(5, 1, '登录系统', '127.0.0.1', '超级管理员', '2015-12-13 00:51:37'),
(6, 10000, '登录系统', '127.0.0.1 ', '韩永豪', '2016-03-01 07:57:28'),
(7, 10000, '登录系统', '127.0.0.1', '韩永豪', '2016-03-25 21:04:29'),
(8, 10000, '登录系统', '127.0.0.1', '韩永豪', '2016-03-25 21:04:42'),
(9, 10000, '登录系统', '127.0.0.1', '韩永豪', '2016-03-25 21:06:15'),
(10, 10000, '登录系统', '127.0.0.1', '韩永豪', '2016-03-25 21:13:14'),
(11, 10000, '登录系统', '127.0.0.1', '韩永豪', '2016-03-25 21:14:06'),
(12, 10000, '登录系统', '127.0.0.1', '韩永豪', '2016-03-26 08:52:11'),
(13, 10000, '登录系统', '127.0.0.1', '韩永豪', '2016-03-26 09:09:05'),
(14, 10000, '登录系统', '127.0.0.1', '韩永豪', '2016-03-26 10:01:59'),
(15, 10000, '登录系统', '127.0.0.1', '韩永豪', '2016-03-26 11:02:40'),
(16, 10000, '登录系统', '127.0.0.1', '韩永豪', '2016-03-26 12:02:38'),
(17, 10000, '登录系统', '127.0.0.1', '韩永豪', '2016-03-26 13:08:07'),
(18, 10000, '登录系统', '127.0.0.1', '韩永豪', '2016-03-26 13:10:25'),
(19, 10000, '登录系统', '127.0.0.1', '韩永豪', '2016-03-26 13:23:31'),
(20, 10000, '登录系统', '127.0.0.1', '韩永豪', '2016-03-26 14:14:24'),
(21, 10000, '登录系统', '127.0.0.1', '韩永豪', '2016-03-26 17:16:40'),
(22, 10000, '登录系统', '127.0.0.1', '韩永豪', '2016-03-26 19:46:20'),
(23, 10000, '登录系统', '127.0.0.1', '韩永豪', '2016-03-26 20:24:55'),
(24, 10000, '登录系统', '127.0.0.1', '韩永豪', '2016-03-26 20:55:32'),
(25, 10000, '登录系统', '127.0.0.1', '韩永豪', '2016-03-26 21:59:51'),
(26, 10000, '登录系统', '127.0.0.1', '韩永豪', '2016-03-26 23:02:23'),
(27, 10000, '登录系统', '::1', '韩永豪', '2016-03-26 23:29:48'),
(28, 10000, '登录系统', '::1', '韩永豪', '2016-03-27 10:45:37'),
(29, 10000, '登录系统', '127.0.0.1', '韩永豪', '2016-03-27 10:57:40'),
(30, 10000, '登录系统', '127.0.0.1', '韩永豪', '2016-03-27 13:21:23'),
(31, 10000, '登录系统', '127.0.0.1', '韩永豪', '2016-03-27 14:23:22'),
(32, 10000, '登录系统', '127.0.0.1', '韩永豪', '2016-03-27 14:27:28'),
(33, 10000, '登录系统', '127.0.0.1', '韩永豪', '2016-03-27 15:24:40'),
(34, 10000, '登录系统', '127.0.0.1', '韩永豪', '2016-03-27 16:24:50'),
(35, 10000, '登录系统', '127.0.0.1', '韩永豪', '2016-03-27 18:27:04'),
(36, 10000, '登录系统', '127.0.0.1', '韩永豪', '2016-03-27 19:48:55'),
(37, 10000, '登录系统', '127.0.0.1', '韩永豪', '2016-03-27 20:50:01'),
(38, 10000, '登录系统', '127.0.0.1', '韩永豪', '2016-03-27 21:50:25'),
(39, 10000, '登录系统', '127.0.0.1', '韩永豪', '2016-03-27 23:09:53'),
(40, 10000, '登录系统', '127.0.0.1', '韩永豪', '2016-03-28 08:50:40'),
(41, 10000, '登录系统', '127.0.0.1', '韩永豪', '2016-03-28 09:39:49'),
(42, 10000, '登录系统', '127.0.0.1', '韩永豪', '2016-03-28 10:51:58'),
(43, 10000, '登录系统', '127.0.0.1', '韩永豪', '2016-03-28 11:53:23'),
(44, 10000, '登录系统', '127.0.0.1', '韩永豪', '2016-03-28 12:59:04'),
(45, 10000, '登录系统', '127.0.0.1', '韩永豪', '2016-03-28 14:08:23'),
(46, 10000, '登录系统', '127.0.0.1', '韩永豪', '2016-03-28 15:26:04'),
(47, 10000, '登录系统', '127.0.0.1', '韩永豪', '2016-03-28 15:37:31'),
(48, 10000, '登录系统', '127.0.0.1', '韩永豪', '2016-03-28 16:59:07'),
(49, 10000, '登录系统', '127.0.0.1', '韩永豪', '2016-03-28 19:27:52'),
(50, 10000, '登录系统', '127.0.0.1', '韩永豪', '2016-03-28 22:06:07'),
(51, 10000, '登录系统', '127.0.0.1', '韩永豪', '2016-03-29 08:22:30'),
(52, 10000, '登录系统', '127.0.0.1', '韩永豪', '2016-03-29 13:25:35'),
(53, 10000, '登录系统', '127.0.0.1', '韩永豪', '2016-03-29 14:30:20'),
(54, 10000, '登录系统', '127.0.0.1', '韩永豪', '2016-03-29 15:30:41'),
(55, 10000, '登录系统', '127.0.0.1', '韩永豪', '2016-03-29 19:33:15'),
(56, 10000, '登录系统', '127.0.0.1', '韩永豪', '2016-03-29 20:33:32'),
(57, 10000, '登录系统', '127.0.0.1', '韩永豪', '2016-03-29 21:48:39'),
(58, 10000, '登录系统', '127.0.0.1', '韩永豪', '2016-03-29 22:48:58'),
(59, 10000, '登录系统', '127.0.0.1', '韩永豪', '2016-03-30 08:12:17'),
(60, 10000, '登录系统', '127.0.0.1', '韩永豪', '2016-03-30 09:12:26'),
(61, 10000, '登录系统', '127.0.0.1', '韩永豪', '2016-03-30 10:31:51'),
(62, 10000, '登录系统', '127.0.0.1', '韩永豪', '2016-03-30 13:04:53'),
(63, 10000, '登录系统', '127.0.0.1', '韩永豪', '2016-03-30 14:14:46'),
(64, 10000, '登录系统', '127.0.0.1', '韩永豪', '2016-03-30 15:24:55'),
(65, 10000, '登录系统', '127.0.0.1', '韩永豪', '2016-03-30 15:32:57'),
(66, 10000, '登录系统', '127.0.0.1', '韩永豪', '2016-03-30 16:41:37'),
(67, 10000, '登录系统', '127.0.0.1', '韩永豪', '2016-03-30 19:26:25'),
(68, 10000, '登录系统', '127.0.0.1', '韩永豪', '2016-03-30 21:21:38'),
(69, 10000, '登录系统', '127.0.0.1', '韩永豪', '2016-03-30 22:32:23'),
(70, 10000, '登录系统', '127.0.0.1', '韩永豪', '2016-03-30 23:32:44'),
(71, 10000, '登录系统', '127.0.0.1', '韩永豪', '2016-03-31 06:55:15'),
(72, 10000, '登录系统', '127.0.0.1', '韩永豪', '2016-03-31 19:39:29'),
(73, 10000, '登录系统', '127.0.0.1', '韩永豪', '2016-03-31 20:55:31'),
(74, 10000, '登录系统', '127.0.0.1', '韩永豪', '2016-03-31 22:39:49'),
(75, 10000, '登录系统', '127.0.0.1', '韩永豪', '2016-04-01 11:48:09'),
(76, 10000, '登录系统', '127.0.0.1', '韩永豪', '2016-04-01 14:02:22'),
(77, 1000, '登录系统', '127.0.0.1', '学生工作处', '2016-04-14 10:51:46'),
(78, 1000, '登录系统', '127.0.0.1', '学生工作处', '2016-04-14 10:51:54'),
(79, 1000, '登录系统', '127.0.0.1', '学生工作处', '2016-04-14 10:53:29'),
(80, 10000, '登录系统', '127.0.0.1', '韩永豪', '2016-04-14 11:11:22'),
(81, 10000, '登录系统', '127.0.0.1', '韩永豪', '2016-04-14 16:21:28'),
(82, 10000, '登录系统', '127.0.0.1', '韩永豪', '2016-04-14 16:27:43'),
(83, 10000, '登录系统', '127.0.0.1', '韩永豪', '2016-04-14 21:51:00'),
(84, 10, '登录系统', '127.0.0.1', '李玉敏', '2016-04-14 21:52:44'),
(85, 1, '登录系统', '127.0.0.1', '超级管理员', '2016-04-15 14:11:38'),
(86, 10000, '登录系统', '127.0.0.1', '韩永豪', '2016-04-15 15:08:48'),
(87, 10000, '登录系统', '127.0.0.1', '韩永豪', '2016-04-15 15:12:04'),
(88, 10, '登录系统', '127.0.0.1', '李玉敏', '2016-04-15 15:40:04'),
(89, 10000, '登录系统', '127.0.0.1', '韩永豪', '2016-04-15 15:51:49'),
(90, 10, '登录系统', '127.0.0.1', '李玉敏', '2016-04-15 15:57:12'),
(91, 1000, '登录系统', '127.0.0.1', '学生工作处', '2016-04-15 16:06:48'),
(92, 1, '登录系统', '127.0.0.1', '学院教指委', '2016-04-15 16:09:54'),
(93, 1000, '登录系统', '127.0.0.1', '学生工作处', '2016-04-15 16:13:38'),
(94, 10000, '登录系统', '127.0.0.1', '韩永豪', '2016-04-15 16:13:59'),
(95, 10, '登录系统', '127.0.0.1', '李玉敏', '2016-04-15 16:18:17'),
(96, 1, '登录系统', '127.0.0.1', '学院教指委', '2016-04-15 16:25:41'),
(97, 1, '登录系统', '127.0.0.1', '学院教指委', '2016-04-15 16:42:35'),
(98, 10000, '登录系统', '127.0.0.1', '韩永豪', '2016-04-15 16:43:07'),
(99, 1, '登录系统', '127.0.0.1', '学院教指委', '2016-04-15 16:49:42'),
(100, 1, '登录系统', '127.0.0.1', '学院教指委', '2016-04-15 17:14:17'),
(101, 10000, '登录系统', '127.0.0.1', '韩永豪', '2016-04-15 17:24:00'),
(102, 10, '登录系统', '127.0.0.1', '李玉敏', '2016-04-15 17:31:46'),
(103, 1000, '登录系统', '127.0.0.1', '学生工作处', '2016-04-15 17:33:06'),
(104, 1, '登录系统', '127.0.0.1', '学院教指委', '2016-04-15 17:34:09'),
(105, 1000, '登录系统', '127.0.0.1', '学生工作处', '2016-04-15 17:34:39'),
(106, 1000, '登录系统', '127.0.0.1', '学生工作处', '2016-04-15 18:15:47'),
(107, 1, '登录系统', '127.0.0.1', '学院教指委', '2016-04-15 18:18:50'),
(108, 1, '登录系统', '127.0.0.1', '学院教指委', '2016-04-15 19:34:03'),
(109, 1000, '登录系统', '127.0.0.1', '学生工作处', '2016-04-15 19:45:02'),
(110, 1000, '登录系统', '127.0.0.1', '学生工作处', '2016-04-15 20:39:42'),
(111, 1000, '登录系统', '127.0.0.1', '学生工作处', '2016-04-15 21:42:17'),
(112, 1000, '登录系统', '127.0.0.1', '学生工作处', '2016-04-15 22:44:32'),
(113, 1, '登录系统', '127.0.0.1', '学院教指委', '2016-04-16 15:56:08'),
(114, 1, '登录系统', '127.0.0.1', '学院教指委', '2016-04-16 17:23:31'),
(115, 1, '登录系统', '127.0.0.1', '学院教指委', '2016-04-16 18:46:41'),
(116, 1, '登录系统', '127.0.0.1', '学院教指委', '2016-04-16 20:12:53'),
(117, 1, '登录系统', '127.0.0.1', '学院教指委', '2016-04-16 21:22:32'),
(118, 1, '登录系统', '127.0.0.1', '学院教指委', '2016-04-16 22:25:51'),
(119, 1, '登录系统', '127.0.0.1', '学院教指委', '2016-04-17 16:35:43'),
(120, 1, '登录系统', '127.0.0.1', '学院教指委', '2016-04-17 17:35:55'),
(121, 1, '登录系统', '127.0.0.1', '学院教指委', '2016-04-17 18:35:58'),
(122, 1, '登录系统', '127.0.0.1', '学院教指委', '2016-04-17 22:27:17'),
(123, 1, '登录系统', '127.0.0.1', '学院教指委', '2016-04-17 22:58:23'),
(124, 1, '登录系统', '127.0.0.1', '学院教指委', '2016-04-17 23:59:30'),
(125, 1000, '登录系统', '127.0.0.1', '学生工作处', '2016-04-18 00:02:21'),
(126, 1, '登录系统', '127.0.0.1', '学院教指委', '2016-04-18 00:02:42'),
(127, 10000, '登录系统', '127.0.0.1', '韩永豪', '2016-04-21 12:18:33'),
(128, 10, '登录系统', '127.0.0.1', '李玉敏', '2016-04-21 12:21:12'),
(129, 10000, '登录系统', '127.0.0.1', '韩永豪', '2016-04-21 14:53:26'),
(130, 10000, '登录系统', '127.0.0.1', '韩永豪', '2016-04-21 14:55:57'),
(131, 10000, '登录系统', '127.0.0.1', '韩永豪', '2016-04-21 14:56:06'),
(132, 10, '登录系统', '127.0.0.1', '李玉敏', '2016-04-21 15:18:45'),
(133, 100, '登录系统', '127.0.0.1', '学院教指委', '2016-04-21 15:24:50'),
(134, 1000, '登录系统', '127.0.0.1', '学生工作处', '2016-04-21 15:25:50'),
(135, 1000, '登录系统', '127.0.0.1', '学生工作处', '2016-04-21 15:33:50'),
(136, 100, '登录系统', '127.0.0.1', '学院教指委', '2016-04-21 15:34:57'),
(137, 10000, '登录系统', '127.0.0.1', '韩永豪', '2016-04-22 09:54:40'),
(138, 10, '登录系统', '127.0.0.1', '李玉敏', '2016-04-22 10:04:46'),
(139, 1000, '登录系统', '127.0.0.1', '学生工作处', '2016-04-22 10:11:01'),
(140, 1, '登录系统', '127.0.0.1', '学院教指委', '2016-04-22 10:15:17'),
(141, 10000, '登录系统', '127.0.0.1', '韩永豪', '2016-04-22 10:29:25'),
(142, 1000, '登录系统', '127.0.0.1', '学生工作处', '2016-04-22 20:10:12'),
(143, 1000, '登录系统', '127.0.0.1', '学生工作处', '2016-05-03 17:43:38'),
(144, 10000, '登录系统', '127.0.0.1', '韩永豪', '2016-05-12 16:00:40'),
(145, 1000, '登录系统', '127.0.0.1', '学生工作处', '2016-05-12 16:01:13'),
(146, 1000, '登录系统', '127.0.0.1', '学生工作处', '2016-05-13 17:11:05'),
(147, 10000, '登录系统', '127.0.0.1', '韩永豪', '2016-12-03 11:35:46'),
(148, 10000, '登录系统', '127.0.0.1', '韩永豪', '2016-12-03 11:37:26');

-- --------------------------------------------------------

--
-- 表的结构 `t_user_message`
--

CREATE TABLE IF NOT EXISTS `t_user_message` (
  `id` int(11) NOT NULL AUTO_INCREMENT COMMENT '标识符',
  `user_id` int(11) NOT NULL COMMENT '用户ID',
  `record_id` int(11) NOT NULL COMMENT '记录ID',
  `title` varchar(64) NOT NULL COMMENT '标题',
  `content` varchar(1024) NOT NULL COMMENT '内容',
  `type` varchar(32) NOT NULL COMMENT '消息类型',
  `created_by` varchar(32) NOT NULL COMMENT '创建人',
  `created_at` datetime NOT NULL COMMENT '创建时间',
  PRIMARY KEY (`id`)
) ENGINE=InnoDB  DEFAULT CHARSET=utf8 COMMENT='用户消息表' AUTO_INCREMENT=123 ;

--
-- 转存表中的数据 `t_user_message`
--

INSERT INTO `t_user_message` (`id`, `user_id`, `record_id`, `title`, `content`, `type`, `created_by`, `created_at`) VALUES
(46, 10000, 76, '导师审批通过', '你的 <strong style=''color:#199dc6;''>普通话甲上</strong> 已被 李玉敏 审批完毕，结果为 <strong style=''color:#c6c200;''>已通过</strong> ，得分： <strong style=''color:#00c645;''>1</strong> 分。', '导师消息', '李玉敏', '2016-04-15 15:41:37'),
(47, 10000, 75, '导师审批通过', '你的 <strong style=''color:#199dc6;''>英语六级</strong> 已被 李玉敏 审批完毕，结果为 <strong style=''color:#c6c200;''>已通过</strong> ，得分： <strong style=''color:#00c645;''>1</strong> 分。', '导师消息', '李玉敏', '2016-04-15 15:46:12'),
(48, 10000, 74, '导师审批待商议', '你的 <strong style=''color:#199dc6;''>英语四级</strong> 已被 李玉敏 审批完毕，结果为 <strong style=''color:#fa8f02;''>待商议</strong>  。', '导师消息', '李玉敏', '2016-04-15 15:48:11'),
(49, 10000, 73, '导师审批待商议', '你的 <strong style=''color:#199dc6;''>冬日环保冬日环保冬日环保冬日环保</strong> 已被 李玉敏 审批完毕，结果为 <strong style=''color:#fa8f02;''>待商议</strong>  。', '导师消息', '李玉敏', '2016-04-15 15:48:16'),
(50, 10000, 72, '导师审批不通过', '你的 <strong style=''color:#199dc6;''>外星人与地球人</strong> 已被 李玉敏 审批完毕，结果为 <strong style=''color:#fa0900;''>不通过</strong>  。<br/>反馈：什么什么什么什么什么什么什么什么什么什么', '导师消息', '李玉敏', '2016-04-15 15:48:26'),
(51, 10000, 71, '导师审批不通过', '你的 <strong style=''color:#199dc6;''>唐家湾文化调研</strong> 已被 李玉敏 审批完毕，结果为 <strong style=''color:#fa0900;''>不通过</strong>  。<br/>反馈：什么什么什么什么什么什么什么什么', '导师消息', '李玉敏', '2016-04-15 15:48:32'),
(52, 10000, 70, '导师审批通过', '你的 <strong style=''color:#199dc6;''>知识风采比赛</strong> 已被 李玉敏 审批完毕，结果为 <strong style=''color:#c6c200;''>已通过</strong> ，得分： <strong style=''color:#00c645;''>2</strong> 分。', '导师消息', '李玉敏', '2016-04-15 15:48:37'),
(53, 10000, 69, '导师审批通过', '你的 <strong style=''color:#199dc6;''>CIS比赛</strong> 已被 李玉敏 审批完毕，结果为 <strong style=''color:#c6c200;''>已通过</strong> ，得分： <strong style=''color:#00c645;''>3</strong> 分。', '导师消息', '李玉敏', '2016-04-15 15:48:47'),
(56, 1201, 79, '学生工作处审批通过', '你的 <strong style=''color:#199dc6;''>公益劳动</strong> 已被 学生工作处 审批完毕，结果为 <strong style=''color:#c6c200;''>已通过</strong> ，得分： <strong style=''color:#00c645;''>0</strong> 分。', '学院信息', '学生工作处', '2016-04-15 16:07:36'),
(57, 1203, 80, '学生工作处审批通过', '你的 <strong style=''color:#199dc6;''>公益劳动</strong> 已被 学生工作处 审批完毕，结果为 <strong style=''color:#c6c200;''>已通过</strong> ，得分： <strong style=''color:#00c645;''>0</strong> 分。', '学院信息', '学生工作处', '2016-04-15 16:07:36'),
(59, 1201, 82, '学生工作处审批通过', '你的 <strong style=''color:#199dc6;''>公益劳动</strong> 已被 学生工作处 审批完毕，结果为 <strong style=''color:#c6c200;''>已通过</strong> ，得分： <strong style=''color:#00c645;''>0</strong> 分。', '学院信息', '学生工作处', '2016-04-15 16:07:37'),
(93, 10000, 70, '学院审批通过', '你的 <strong style=''color:#199dc6;''>知识风采比赛</strong> 已被 学院教指委 审批完毕，结果为 <strong style=''color:#c6c200;''>已通过</strong>', '学院消息', '学院教指委', '2016-04-15 16:40:18'),
(94, 10000, 69, '学院审批不通过', '你的 <strong style=''color:#199dc6;''>CIS比赛</strong> 已被 学院教指委 审批完毕，结果为 <strong style=''color:#fa0900;''>不通过</strong>  。<br/>反馈：评分超出上限', '学院消息', '学院教指委', '2016-04-15 16:42:51'),
(95, 10000, 75, '学院审批通过', '你的 <strong style=''color:#199dc6;''>英语六级</strong> 已被 学院教指委 审批完毕，结果为 <strong style=''color:#c6c200;''>已通过</strong>', '学院消息', '学院教指委', '2016-04-15 16:42:56'),
(96, 10000, 74, '导师审批通过', '你的 <strong style=''color:#199dc6;''>英语四级</strong> 已被 学院教指委 审批完毕，结果为 <strong style=''color:#c6c200;''>已通过</strong> ，得分： <strong style=''color:#00c645;''>1</strong> 分。', '导师消息', '学院教指委', '2016-04-15 17:16:05'),
(97, 10000, 73, '学院审批不通过', '你的 <strong style=''color:#199dc6;''>冬日环保冬日环保冬日环保冬日环保</strong> 已被 学院教指委 审批完毕，结果为 <strong style=''color:#fa0900;''>不通过</strong>  。<br/>反馈：纯纯粹粹', '学院消息', '学院教指委', '2016-04-15 17:16:22'),
(98, 10000, 116, '学生工作处审批通过', '你的 <strong style=''color:#199dc6;''>公益劳动</strong> 已被 学生工作处 审批完毕，结果为 <strong style=''color:#c6c200;''>已通过</strong> ，得分： <strong style=''color:#00c645;''>0.1</strong> 分。', '学院信息', '学生工作处', '2016-04-15 20:53:46'),
(99, 1201, 117, '学生工作处审批通过', '你的 <strong style=''color:#199dc6;''>公益劳动</strong> 已被 学生工作处 审批完毕，结果为 <strong style=''color:#c6c200;''>已通过</strong> ，得分： <strong style=''color:#00c645;''>0.1</strong> 分。', '学院信息', '学生工作处', '2016-04-15 20:53:47'),
(100, 1203, 118, '学生工作处审批通过', '你的 <strong style=''color:#199dc6;''>公益劳动</strong> 已被 学生工作处 审批完毕，结果为 <strong style=''color:#c6c200;''>已通过</strong> ，得分： <strong style=''color:#00c645;''>0.1</strong> 分。', '学院信息', '学生工作处', '2016-04-15 20:53:47'),
(101, 10000, 119, '学生工作处审批通过', '你的 <strong style=''color:#199dc6;''>公益劳动</strong> 已被 学生工作处 审批完毕，结果为 <strong style=''color:#c6c200;''>已通过</strong> ，得分： <strong style=''color:#00c645;''>0.1</strong> 分。', '学院信息', '学生工作处', '2016-04-15 20:53:47'),
(102, 1201, 120, '学生工作处审批通过', '你的 <strong style=''color:#199dc6;''>公益劳动</strong> 已被 学生工作处 审批完毕，结果为 <strong style=''color:#c6c200;''>已通过</strong> ，得分： <strong style=''color:#00c645;''>0.1</strong> 分。', '学院信息', '学生工作处', '2016-04-15 20:53:47'),
(103, 1203, 121, '学生工作处审批通过', '你的 <strong style=''color:#199dc6;''>公益劳动</strong> 已被 学生工作处 审批完毕，结果为 <strong style=''color:#c6c200;''>已通过</strong> ，得分： <strong style=''color:#00c645;''>0.1</strong> 分。', '学院信息', '学生工作处', '2016-04-15 20:53:48'),
(104, 10000, 122, '学生工作处审批通过', '你的 <strong style=''color:#199dc6;''>公益劳动</strong> 已被 学生工作处 审批完毕，结果为 <strong style=''color:#c6c200;''>已通过</strong> ，得分： <strong style=''color:#00c645;''>0.1</strong> 分。', '学院信息', '学生工作处', '2016-04-15 20:55:46'),
(105, 1201, 123, '学生工作处审批通过', '你的 <strong style=''color:#199dc6;''>公益劳动</strong> 已被 学生工作处 审批完毕，结果为 <strong style=''color:#c6c200;''>已通过</strong> ，得分： <strong style=''color:#00c645;''>0.1</strong> 分。', '学院信息', '学生工作处', '2016-04-15 20:55:46'),
(106, 1203, 124, '学生工作处审批通过', '你的 <strong style=''color:#199dc6;''>公益劳动</strong> 已被 学生工作处 审批完毕，结果为 <strong style=''color:#c6c200;''>已通过</strong> ，得分： <strong style=''color:#00c645;''>0.1</strong> 分。', '学院信息', '学生工作处', '2016-04-15 20:55:47'),
(107, 10000, 125, '学生工作处审批通过', '你的 <strong style=''color:#199dc6;''>公益劳动</strong> 已被 学生工作处 审批完毕，结果为 <strong style=''color:#c6c200;''>已通过</strong> ，得分： <strong style=''color:#00c645;''>0.1</strong> 分。', '学院信息', '学生工作处', '2016-04-15 20:55:47'),
(108, 1201, 126, '学生工作处审批通过', '你的 <strong style=''color:#199dc6;''>公益劳动</strong> 已被 学生工作处 审批完毕，结果为 <strong style=''color:#c6c200;''>已通过</strong> ，得分： <strong style=''color:#00c645;''>0.1</strong> 分。', '学院信息', '学生工作处', '2016-04-15 20:55:47'),
(109, 1203, 127, '学生工作处审批通过', '你的 <strong style=''color:#199dc6;''>公益劳动</strong> 已被 学生工作处 审批完毕，结果为 <strong style=''color:#c6c200;''>已通过</strong> ，得分： <strong style=''color:#00c645;''>0.1</strong> 分。', '学院信息', '学生工作处', '2016-04-15 20:55:47'),
(110, 10000, 68, '导师审批待商议', '你的 <strong style=''color:#199dc6;''>企业模拟大赛</strong> 已被 李玉敏 审批完毕，结果为 <strong style=''color:#fa8f02;''>待商议</strong>  。', '导师消息', '李玉敏', '2016-04-21 15:23:42'),
(111, 10000, 129, '学生工作处审批通过', '你的 <strong style=''color:#199dc6;''>公益劳动</strong> 已被 学生工作处 审批完毕，结果为 <strong style=''color:#c6c200;''>已通过</strong> ，得分： <strong style=''color:#00c645;''>0.1</strong> 分。', '学院信息', '学生工作处', '2016-04-21 15:30:20'),
(112, 1201, 130, '学生工作处审批通过', '你的 <strong style=''color:#199dc6;''>公益劳动</strong> 已被 学生工作处 审批完毕，结果为 <strong style=''color:#c6c200;''>已通过</strong> ，得分： <strong style=''color:#00c645;''>0.1</strong> 分。', '学院信息', '学生工作处', '2016-04-21 15:30:21'),
(113, 1203, 131, '学生工作处审批通过', '你的 <strong style=''color:#199dc6;''>公益劳动</strong> 已被 学生工作处 审批完毕，结果为 <strong style=''color:#c6c200;''>已通过</strong> ，得分： <strong style=''color:#00c645;''>0.1</strong> 分。', '学院信息', '学生工作处', '2016-04-21 15:30:21'),
(114, 10000, 132, '学生工作处审批通过', '你的 <strong style=''color:#199dc6;''>公益劳动</strong> 已被 学生工作处 审批完毕，结果为 <strong style=''color:#c6c200;''>已通过</strong> ，得分： <strong style=''color:#00c645;''>0.1</strong> 分。', '学院信息', '学生工作处', '2016-04-21 15:30:21'),
(115, 1201, 133, '学生工作处审批通过', '你的 <strong style=''color:#199dc6;''>公益劳动</strong> 已被 学生工作处 审批完毕，结果为 <strong style=''color:#c6c200;''>已通过</strong> ，得分： <strong style=''color:#00c645;''>0.1</strong> 分。', '学院信息', '学生工作处', '2016-04-21 15:30:22'),
(116, 1203, 134, '学生工作处审批通过', '你的 <strong style=''color:#199dc6;''>公益劳动</strong> 已被 学生工作处 审批完毕，结果为 <strong style=''color:#c6c200;''>已通过</strong> ，得分： <strong style=''color:#00c645;''>0.1</strong> 分。', '学院信息', '学生工作处', '2016-04-21 15:30:22'),
(117, 10000, 135, '学生工作处审批通过', '你的 <strong style=''color:#199dc6;''>公益劳动</strong> 已被 学生工作处 审批完毕，结果为 <strong style=''color:#c6c200;''>已通过</strong> ，得分： <strong style=''color:#00c645;''>0.1</strong> 分。', '学院信息', '学生工作处', '2016-04-22 10:11:35'),
(118, 1201, 136, '学生工作处审批通过', '你的 <strong style=''color:#199dc6;''>公益劳动</strong> 已被 学生工作处 审批完毕，结果为 <strong style=''color:#c6c200;''>已通过</strong> ，得分： <strong style=''color:#00c645;''>0.1</strong> 分。', '学院信息', '学生工作处', '2016-04-22 10:11:36'),
(119, 1203, 137, '学生工作处审批通过', '你的 <strong style=''color:#199dc6;''>公益劳动</strong> 已被 学生工作处 审批完毕，结果为 <strong style=''color:#c6c200;''>已通过</strong> ，得分： <strong style=''color:#00c645;''>0.1</strong> 分。', '学院信息', '学生工作处', '2016-04-22 10:11:36'),
(120, 10000, 138, '学生工作处审批通过', '你的 <strong style=''color:#199dc6;''>公益劳动</strong> 已被 学生工作处 审批完毕，结果为 <strong style=''color:#c6c200;''>已通过</strong> ，得分： <strong style=''color:#00c645;''>0.1</strong> 分。', '学院信息', '学生工作处', '2016-04-22 10:11:36'),
(121, 1201, 139, '学生工作处审批通过', '你的 <strong style=''color:#199dc6;''>公益劳动</strong> 已被 学生工作处 审批完毕，结果为 <strong style=''color:#c6c200;''>已通过</strong> ，得分： <strong style=''color:#00c645;''>0.1</strong> 分。', '学院信息', '学生工作处', '2016-04-22 10:11:36'),
(122, 1203, 140, '学生工作处审批通过', '你的 <strong style=''color:#199dc6;''>公益劳动</strong> 已被 学生工作处 审批完毕，结果为 <strong style=''color:#c6c200;''>已通过</strong> ，得分： <strong style=''color:#00c645;''>0.1</strong> 分。', '学院信息', '学生工作处', '2016-04-22 10:11:37');

-- --------------------------------------------------------

--
-- 表的结构 `t_user_role`
--

CREATE TABLE IF NOT EXISTS `t_user_role` (
  `id` int(11) NOT NULL AUTO_INCREMENT COMMENT '标识符',
  `role` varchar(32) NOT NULL COMMENT '角色',
  `user_id` int(11) NOT NULL COMMENT '用户ID',
  PRIMARY KEY (`id`)
) ENGINE=InnoDB  DEFAULT CHARSET=utf8 COMMENT='用户角色表' AUTO_INCREMENT=4 ;

--
-- 转存表中的数据 `t_user_role`
--

INSERT INTO `t_user_role` (`id`, `role`, `user_id`) VALUES
(1, 'teacherAdmin', 1),
(2, 'teacherAdmin', 100),
(3, 'studentAdmin', 1000);

/*!40101 SET CHARACTER_SET_CLIENT=@OLD_CHARACTER_SET_CLIENT */;
/*!40101 SET CHARACTER_SET_RESULTS=@OLD_CHARACTER_SET_RESULTS */;
/*!40101 SET COLLATION_CONNECTION=@OLD_COLLATION_CONNECTION */;
